text,label
Angry about packaging. One star,negative
Terrible battery. One star,negative
The staff was fantastic,positive
I great the packaging,positive
I pathetic the packaging,negative
Honestly the price is fine,neutral
"So disappointed with, the taste ruined my day",negative
I perfect the service,positive
"It was not bad not great, the screen I mean",neutral
"Average price, nothing more to say",neutral
Packaging is as expected,neutral
"Really amazing taste, will order again",positive
"Fine price, nothing more to say",neutral
"It was decent, the delivery I mean",neutral
"Normal taste, nothing more to say",neutral
Excellent service! Five stars,positive
The driver was decent,neutral
"So broken, the service ruined my day",negative
I bad the ride,negative
"So wonderful, the taste made my day",positive
I hate the delivery,negative
"Really wonderful support team, will order again",positive
"So fast and friendly, the ride made my day",positive
"So perfect, the support team made my day",positive
"Really amazing staff, will order again",positive
Wonderful staff! Five stars,positive
"It was decent, the staff I mean",neutral
"Really brilliant service, will order again",positive
"So amazing, the service made my day",positive
"Really useless price, never again",negative
"Really perfect taste, will order again",positive
"Really terrible driver, never again",negative
I hate the screen,negative
"So fantastic, the phone made my day",positive
The driver was hate,negative
Hate service. One star,negative
I fast and friendly the support team,positive
"So pathetic, the packaging ruined my day",negative
"So awful, the ride ruined my day",negative
The food was worst,negative
Terrible app. One star,negative
"It was decent, the screen I mean",neutral
Angry about hotel room. One star,negative
Broken delivery. One star,negative
Worst driver. One star,negative
"Really wonderful delivery, will order again",positive
"Nothing special screen, nothing more to say",neutral
I great the price,positive
Service is alright,neutral
"It was fine, the staff I mean",neutral
The service was normal,neutral
"So wonderful, the food made my day",positive
The support team was fantastic,positive
"Really hate food, never again",negative
Great driver! Five stars,positive
The screen was perfect,positive
Honestly the driver is average,neutral
Pathetic hotel room. One star,negative
"So slow and rude, the price ruined my day",negative
I worst the app,negative
"So slow and rude, the delivery ruined my day",negative
The price was useless,negative
I super the taste,positive
"So super, the delivery made my day",positive
Super driver! Five stars,positive
I brilliant the support team,positive
"Really pathetic app, never again",negative
Fantastic hotel room! Five stars,positive
"So excellent, the staff made my day",positive
Driver is nothing special,neutral
"Really useless screen, never again",negative
The taste was decent,neutral
"Really terrible taste, never again",negative
The packaging was as expected,neutral
Honestly the service is nothing special,neutral
"Really excellent driver, will order again",positive
Angry about delivery. One star,negative
App is nothing special,neutral
Wonderful battery! Five stars,positive
The packaging was super,positive
The price was awful,negative
Fantastic price! Five stars,positive
The staff was awesome,positive
"Not bad not great food, nothing more to say",neutral
"Really useless phone, never again",negative
"Alright taste, nothing more to say",neutral
Honestly the driver is average,neutral
"So great, the price made my day",positive
"So terrible, the screen ruined my day",negative
The app was okay,neutral
"Really excellent battery, will order again",positive
The screen was average,neutral
"Really super phone, will order again",positive
"So perfect, the app made my day",positive
"So angry about, the driver ruined my day",negative
"It was fine, the app I mean",neutral
"Average app, nothing more to say",neutral
"As expected staff, nothing more to say",neutral
Useless phone. One star,negative
"So disappointed with, the taste ruined my day",negative
"So angry about, the app ruined my day",negative
"It was okay, the staff I mean",neutral
"So wonderful, the food made my day",positive
The support team was terrible,negative
Angry about price. One star,negative
"Nothing special app, nothing more to say",neutral
Broken app. One star,negative
The delivery was awful,negative
"Really awesome ride, will order again",positive
The hotel room was brilliant,positive
"So bad, the phone ruined my day",negative
"So angry about, the food ruined my day",negative
Bad taste. One star,negative
The delivery was angry about,negative
I fantastic the packaging,positive
Angry about app. One star,negative
Driver is alright,neutral
I amazing the food,positive
"So fast and friendly, the service made my day",positive
The screen was decent,neutral
"So worst, the delivery ruined my day",negative
"So awesome, the app made my day",positive
"It was as expected, the food I mean",neutral
"So broken, the ride ruined my day",negative
The packaging was as expected,neutral
"Really super battery, will order again",positive
I wonderful the ride,positive
I angry about the app,negative
The battery was bad,negative
Terrible packaging. One star,negative
I disappointed with the screen,negative
"So slow and rude, the support team ruined my day",negative
"So worst, the driver ruined my day",negative
The hotel room was awesome,positive
I love the price,positive
"So happy with, the hotel room made my day",positive
The ride was alright,neutral
Honestly the support team is normal,neutral
I happy with the phone,positive
"Really useless screen, never again",negative
The taste was amazing,positive
"Really hate staff, never again",negative
The ride was hate,negative
Hate staff. One star,negative
I excellent the support team,positive
"Really pathetic price, never again",negative
"Okay battery, nothing more to say",neutral
"Really pathetic battery, never again",negative
Slow and rude driver. One star,negative
The phone was awful,negative
The battery was disappointed with,negative
"Really pathetic battery, never again",negative
I fantastic the food,positive
I love the support team,positive
"Really brilliant phone, will order again",positive
I super the food,positive
"Really worst food, never again",negative
The support team was great,positive
"So happy with, the screen made my day",positive
I awesome the taste,positive
"Really perfect screen, will order again",positive
Fast and friendly screen! Five stars,positive
Screen is okay,neutral
"Really fast and friendly packaging, will order again",positive
The hotel room was fantastic,positive
Terrible price. One star,negative
Awful staff. One star,negative
The packaging was as expected,neutral
"It was as expected, the packaging I mean",neutral
"So great, the driver made my day",positive
I happy with the staff,positive
The phone was slow and rude,negative
The taste was okay,neutral
Staff is average,neutral
The driver was okay,neutral
"It was so-so, the hotel room I mean",neutral
"It was decent, the battery I mean",neutral
I excellent the packaging,positive
"It was nothing special, the support team I mean",neutral
I great the price,positive
"So brilliant, the support team made my day",positive
The ride was perfect,positive
Angry about driver. One star,negative
"Really brilliant ride, will order again",positive
I super the screen,positive
"So fantastic, the support team made my day",positive
I excellent the service,positive
Awful service. One star,negative
"Really amazing driver, will order again",positive
Disappointed with app. One star,negative
"Really excellent staff, will order again",positive
Phone is alright,neutral
The driver was awful,negative
I love the packaging,positive
"Really brilliant screen, will order again",positive
Driver is fine,neutral
"Alright service, nothing more to say",neutral
The price was useless,negative
I slow and rude the support team,negative
"So broken, the staff ruined my day",negative
"So broken, the delivery ruined my day",negative
I hate the staff,negative
The food was so-so,neutral
Super driver! Five stars,positive
"Not bad not great packaging, nothing more to say",neutral
"Really terrible screen, never again",negative
The delivery was as expected,neutral
Honestly the battery is okay,neutral
I perfect the phone,positive
"So awesome, the support team made my day",positive
"So amazing, the ride made my day",positive
Brilliant staff! Five stars,positive
Hate support team. One star,negative
"Really worst hotel room, never again",negative
Screen is not bad not great,neutral
Honestly the packaging is fine,neutral
I awesome the screen,positive
"Normal support team, nothing more to say",neutral
"Really bad phone, never again",negative
Fantastic price! Five stars,positive
Love packaging! Five stars,positive
"Really excellent ride, will order again",positive
"Really horrible ride, never again",negative
Food is normal,neutral
The hotel room was normal,neutral
"Really amazing screen, will order again",positive
I bad the delivery,negative
Hotel room is so-so,neutral
"Really horrible driver, never again",negative
Love ride! Five stars,positive
"So hate, the battery ruined my day",negative
Horrible hotel room. One star,negative
"So worst, the delivery ruined my day",negative
"So perfect, the food made my day",positive
Hotel room is so-so,neutral
The screen was awesome,positive
The delivery was fine,neutral
Staff is normal,neutral
"So happy with, the taste made my day",positive
I angry about the driver,negative
Battery is as expected,neutral
"So awful, the staff ruined my day",negative
The support team was nothing special,neutral
"So love, the hotel room made my day",positive
"So love, the phone made my day",positive
The battery was normal,neutral
"Really happy with driver, will order again",positive
"Decent support team, nothing more to say",neutral
I horrible the app,negative
"Really broken hotel room, never again",negative
The taste was fantastic,positive
I happy with the taste,positive
"Average price, nothing more to say",neutral
The driver was great,positive
"Really broken ride, never again",negative
Angry about price. One star,negative
"So fantastic, the hotel room made my day",positive
I broken the app,negative
I super the phone,positive
The phone was love,positive
The support team was super,positive
Horrible app. One star,negative
"So disappointed with, the delivery ruined my day",negative
I awful the food,negative
"So disappointed with, the support team ruined my day",negative
"So super, the hotel room made my day",positive
The staff was fast and friendly,positive
I awful the food,negative
I slow and rude the food,negative
Wonderful packaging! Five stars,positive
I perfect the driver,positive
Slow and rude phone. One star,negative
I excellent the screen,positive
"So excellent, the hotel room made my day",positive
The screen was happy with,positive
Awesome staff! Five stars,positive
Honestly the staff is fine,neutral
The taste was horrible,negative
Honestly the taste is fine,neutral
I super the driver,positive
Hate driver. One star,negative
The hotel room was pathetic,negative
Honestly the food is so-so,neutral
Terrible delivery. One star,negative
"Really amazing phone, will order again",positive
I angry about the phone,negative
The price was pathetic,negative
Bad staff. One star,negative
"Fine food, nothing more to say",neutral
The support team was angry about,negative
"Average support team, nothing more to say",neutral
I useless the ride,negative
"Really happy with driver, will order again",positive
I terrible the delivery,negative
Staff is average,neutral
Slow and rude service. One star,negative
The hotel room was okay,neutral
I horrible the staff,negative
"It was nothing special, the food I mean",neutral
I wonderful the price,positive
Useless delivery. One star,negative
"So brilliant, the hotel room made my day",positive
"So slow and rude, the delivery ruined my day",negative
"So love, the service made my day",positive
The app was worst,negative
I broken the staff,negative
"So hate, the packaging ruined my day",negative
"So happy with, the ride made my day",positive
"So useless, the price ruined my day",negative
The screen was so-so,neutral
"So pathetic, the ride ruined my day",negative
"It was so-so, the delivery I mean",neutral
The price was wonderful,positive
"So disappointed with, the driver ruined my day",negative
Honestly the battery is normal,neutral
I fast and friendly the packaging,positive
I fantastic the price,positive
The battery was fine,neutral
The delivery was perfect,positive
Honestly the taste is not bad not great,neutral
